date,count,temp,snow,visibility,rideable_type,member_casual,start_in_hot_zones,end_in_hot_zones,at_stations,ISweekday,ISholiday
2022-01-01,2530,34.8,0.3,4.6,electric_bike,member,0.0,0.0,1,0,1
2022-01-02,2047,23.5,1.7,7.9,electric_bike,member,0.0,0.0,1,0,0
2022-01-03,3119,17.2,0.7,9.9,electric_bike,member,0.0,0.0,1,1,0
2022-01-04,4334,29.8,0.0,9.9,electric_bike,member,0.0,0.0,1,1,0
2022-01-05,2698,19.7,0.0,6.1000000000000005,electric_bike,member,0.0,0.0,1,1,0
2022-01-06,2830,11.2,0.0,9.6,electric_bike,member,0.0,0.0,1,1,0
2022-01-07,2399,8.0,0.0,9.9,electric_bike,member,0.0,1.0,1,1,0
2022-01-08,2569,24.3,0.0,7.5,electric_bike,member,0.0,0.0,1,0,0
2022-01-09,2096,24.8,0.0,9.5,electric_bike,member,0.0,0.0,1,0,0
2022-01-10,2662,13.9,0.0,9.8,electric_bike,member,0.0,0.0,1,1,0
2022-01-11,3548,21.2,0.0,9.9,electric_bike,member,0.0,0.0,1,1,0
2022-01-12,5685,37.2,0.0,9.9,electric_bike,member,0.0,0.0,1,1,0
2022-01-13,5931,37.0,0.0,9.1,electric_bike,member,0.0,0.0,1,1,0
2022-01-14,4884,32.9,0.2,8.5,electric_bike,member,0.0,0.0,1,1,0
2022-01-15,3124,24.2,0.1,8.4,electric_bike,member,0.0,0.0,1,0,0
2022-01-16,3318,22.4,0.0,9.1,electric_bike,member,0.0,0.0,1,0,0
2022-01-17,3617,27.100000000000005,0.20000000000000004,9.7,electric_bike,member,0.0,0.0,1,1,1
2022-01-18,5703,33.6,0.0,9.8,electric_bike,member,0.0,0.0,1,1,0
2022-01-19,4699,25.0,0.0,9.9,electric_bike,member,0.0,0.0,1,1,0
2022-01-20,3823,13.7,0.0,9.9,electric_bike,member,0.0,0.0,1,1,0
2022-01-21,4519,18.3,0.0,9.9,electric_bike,member,0.0,0.0,1,1,0
2022-01-22,4053,25.2,1.3,9.3,electric_bike,member,0.0,0.0,1,0,0
2022-01-23,1420,18.2,2.3,6.8,electric_bike,member,0.0,0.0,1,0,0
2022-01-24,1789,19.6,0.3,7.3,electric_bike,member,0.0,0.0,1,1,0
2022-01-25,2403,8.8,0.1,9.9,electric_bike,member,0.0,0.0,1,1,0
2022-01-26,1938,4.4,0.0,9.9,classic_bike,member,0.0,0.0,1,1,0
2022-01-27,3806,26.3,1.2,9.8,electric_bike,member,0.0,0.0,1,1,0
2022-01-28,1877,20.7,0.9,5.6,electric_bike,member,0.0,0.0,1,1,0
2022-01-29,2331,16.8,0.1,9.9,electric_bike,member,0.0,0.0,1,0,0
2022-01-30,2515,23.9,0.0,9.9,electric_bike,member,0.0,0.0,1,0,0
2022-01-31,4484,31.0,0.0,9.1,electric_bike,member,0.0,0.0,1,1,0
2022-02-01,4637,39.4,0.1,9.1,electric_bike,member,0.0,0.0,1,1,0
2022-02-02,694,23.5,1.0,4.1,electric_bike,member,0.0,0.0,1,1,0
2022-02-03,1887,22.8,0.5,9.5,electric_bike,member,0.0,0.0,1,1,0
2022-02-04,2673,19.4,0.0,8.5,electric_bike,member,0.0,0.0,1,1,0
2022-02-05,2105,13.6,0.0,9.9,electric_bike,member,0.0,0.0,1,0,0
2022-02-06,2603,26.2,0.0,9.9,electric_bike,member,0.0,0.0,1,0,0
2022-02-07,3650,23.8,0.0,9.0,electric_bike,member,0.0,0.0,1,1,0
2022-02-08,4704,29.0,0.0,9.7,electric_bike,member,0.0,0.0,1,1,0
2022-02-09,5427,37.2,0.0,9.9,electric_bike,member,0.0,0.0,1,1,0
2022-02-10,4956,30.8,0.0,9.7,electric_bike,member,0.0,0.0,1,1,0
2022-02-11,5541,37.5,0.0,8.9,electric_bike,member,0.0,0.0,1,1,0
2022-02-12,3337,19.5,0.0,9.8,electric_bike,member,0.0,0.0,1,0,0
2022-02-13,3058,16.0,0.0,9.8,electric_bike,member,0.0,0.0,1,0,0
2022-02-14,4396,20.6,0.0,9.9,electric_bike,member,0.0,0.0,1,1,0
2022-02-15,5767,32.0,0.0,9.8,electric_bike,member,0.0,0.0,1,1,0
2022-02-16,5845,49.8,0.0,9.1,electric_bike,member,0.0,0.0,1,1,0
2022-02-17,2544,28.900000000000002,0.7999999999999999,5.9,electric_bike,member,0.0,0.0,1,1,0
2022-02-18,2825,19.8,1.1,9.9,electric_bike,member,0.0,0.0,1,1,0
2022-02-19,2793,17.5,0.0,9.9,electric_bike,member,0.0,0.0,1,0,0
2022-02-20,4790,36.5,0.0,9.9,electric_bike,member,0.0,0.0,1,0,0
2022-02-21,6609,41.9,0.0,9.2,electric_bike,member,0.0,0.0,1,1,1
2022-02-22,3707,36.7,0.0,5.2,electric_bike,member,0.0,0.0,1,1,0
2022-02-23,5056,22.0,0.0,9.2,electric_bike,member,0.0,0.0,1,1,0
2022-02-24,3979,26.6,1.1,7.1,electric_bike,member,0.0,0.0,1,1,0
2022-02-25,3457,26.1,2.1,8.0,electric_bike,member,0.0,0.0,1,1,0
2022-02-26,4133,24.5,0.0,9.9,electric_bike,member,0.0,0.0,1,0,0
2022-02-27,5255,35.1,0.0,9.9,electric_bike,member,0.0,0.0,1,0,0
2022-02-28,7857,41.2,0.0,9.8,electric_bike,member,0.0,0.0,1,1,0
2022-03-01,8621,43.3,0.0,9.9,electric_bike,member,0.0,0.0,1,1,0
2022-03-02,9524,43.3,0.0,9.8,electric_bike,member,0.0,0.0,1,1,0
2022-03-03,6913,32.5,0.0,9.9,electric_bike,member,0.0,0.0,1,1,0
2022-03-04,7647,36.2,0.0,9.9,electric_bike,member,0.0,0.0,1,1,0
2022-03-05,18592,56.6,0.0,9.9,electric_bike,casual,0.0,0.0,1,0,0
2022-03-06,6513,42.9,0.1,9.7,electric_bike,casual,0.0,0.0,1,0,0
2022-03-07,4636,34.4,0.2,6.700000000000001,electric_bike,member,0.0,0.0,1,1,0
2022-03-08,8436,34.0,0.0,9.900000000000002,electric_bike,member,0.0,0.0,1,1,0
2022-03-09,8987,35.8,0.0,9.900000000000002,electric_bike,member,0.0,0.0,1,1,0
2022-03-10,6646,27.4,0.0,8.2,electric_bike,member,0.0,0.0,1,1,0
2022-03-11,5489,25.3,0.2,8.0,electric_bike,member,0.0,0.0,1,1,0
2022-03-12,4729,18.4,0.0,9.900000000000002,electric_bike,member,0.0,0.0,1,0,0
2022-03-13,8806,38.7,0.0,9.9,electric_bike,member,0.0,0.0,1,0,0
2022-03-14,12216,49.70000000000001,0.0,9.9,electric_bike,member,0.0,0.0,1,1,0
2022-03-15,10725,43.0,0.0,9.9,electric_bike,member,0.0,0.0,1,1,0
2022-03-16,18784,54.6,0.0,9.6,electric_bike,casual,0.0,0.0,1,1,0
2022-03-17,16019,57.2,0.0,9.8,electric_bike,casual,0.0,0.0,1,1,0
2022-03-18,5269,44.3,0.0,7.5,electric_bike,member,0.0,0.0,1,1,0
2022-03-19,5308,40.8,0.0,7.9,electric_bike,member,0.0,0.0,1,0,0
2022-03-20,17047,48.7,0.0,9.9,electric_bike,casual,0.0,0.0,1,0,0
2022-03-21,19101,59.7,0.0,9.9,electric_bike,casual,0.0,0.0,1,1,0
2022-03-22,7668,53.8,0.0,9.3,electric_bike,member,0.0,0.0,1,1,0
2022-03-23,7171,52.89999999999999,0.0,5.6,electric_bike,member,0.0,0.0,1,1,0
2022-03-24,7009,43.4,0.0,7.4,electric_bike,casual,0.0,0.0,1,1,0
2022-03-25,8920,42.29999999999999,0.0,9.5,electric_bike,member,1.0,0.0,1,1,0
2022-03-26,5602,32.2,0.0,9.8,electric_bike,member,0.0,0.0,1,0,0
2022-03-27,5854,29.1,0.0,9.9,electric_bike,member,0.0,0.0,1,0,0
2022-03-28,7376,29.2,0.0,9.9,electric_bike,member,0.0,0.0,1,1,0
2022-03-29,8626,36.9,0.0,9.900000000000002,electric_bike,member,0.0,0.0,1,1,0
2022-03-30,5476,54.2,0.0,7.4,electric_bike,member,0.0,0.0,1,1,0
2022-03-31,7084,40.4,0.0,7.400000000000001,electric_bike,member,0.0,0.0,1,1,0
2022-04-01,10566,37.4,0.0,9.3,electric_bike,member,0.0,0.0,1,1,0
2022-04-02,5923,37.9,0.0,8.8,electric_bike,member,0.0,0.0,1,0,0
2022-04-03,8759,40.9,0.0,8.9,electric_bike,casual,0.0,0.0,1,0,0
2022-04-04,10918,46.5,0.0,9.0,electric_bike,member,0.0,0.0,1,1,0
2022-04-05,11951,46.4,0.0,8.0,electric_bike,member,0.0,0.0,1,1,0
2022-04-06,11563,52.0,0.0,8.5,electric_bike,member,0.0,0.0,1,1,0
2022-04-07,9733,43.1,0.0,9.8,electric_bike,member,0.0,0.0,1,1,0
2022-04-08,6885,38.79999999999999,0.0,7.8,electric_bike,member,0.0,0.0,1,1,0
2022-04-09,10512,39.6,0.0,9.4,electric_bike,member,0.0,0.0,1,0,0
2022-04-10,15698,50.3,0.0,9.9,electric_bike,casual,0.0,0.0,1,0,0
2022-04-11,14109,57.3,0.0,9.9,electric_bike,casual,0.0,0.0,1,1,0
2022-04-12,17044,58.7,0.0,9.7,electric_bike,member,0.0,0.0,1,1,0
2022-04-13,8807,64.1,0.0,8.5,electric_bike,casual,0.0,0.0,1,1,0
2022-04-14,11664,45.1,0.0,9.9,electric_bike,casual,0.0,0.0,1,1,0
2022-04-15,10601,47.2,0.0,9.9,electric_bike,casual,0.0,0.0,1,1,0
2022-04-16,12349,41.0,0.0,9.9,electric_bike,casual,0.0,0.0,1,0,0
2022-04-17,7268,38.4,0.0,9.9,electric_bike,member,0.0,0.0,1,0,0
2022-04-18,7767,37.8,0.0,7.8,electric_bike,member,0.0,0.0,1,1,0
2022-04-19,12182,42.6,0.0,9.9,electric_bike,member,0.0,0.0,1,1,0
2022-04-20,10436,48.2,0.0,9.3,electric_bike,member,0.0,0.0,1,1,0
2022-04-21,21013,58.7,0.0,8.5,electric_bike,member,0.0,0.0,1,1,0
2022-04-22,8368,52.4,0.0,8.9,electric_bike,member,0.0,0.0,1,1,0
2022-04-23,34353,70.5,0.0,9.9,electric_bike,casual,0.0,0.0,1,0,0
2022-04-24,12527,69.6,0.0,9.7,electric_bike,casual,0.0,0.0,1,0,0
2022-04-25,12613,51.29999999999999,0.0,9.9,electric_bike,casual,0.0,0.0,1,1,0
2022-04-26,13154,43.7,0.0,9.9,electric_bike,member,0.0,0.0,1,1,0
2022-04-27,11489,38.7,0.0,9.9,electric_bike,member,0.0,0.0,1,1,0
2022-04-28,12270,46.4,0.0,9.9,electric_bike,member,0.0,0.0,1,1,0
2022-04-29,15738,57.4,0.0,9.9,electric_bike,casual,0.0,0.0,1,1,0
2022-04-30,10208,60.7,0.0,9.3,electric_bike,casual,0.0,0.0,1,0,0
2022-05-01,12244,53.7,0.0,9.9,electric_bike,casual,0.0,0.0,1,0,0
2022-05-02,13562,51.6,0.0,9.9,electric_bike,member,0.0,0.0,1,1,0
2022-05-03,5929,47.9,0.0,4.4,electric_bike,member,0.0,0.0,1,1,0
2022-05-04,15425,48.2,0.0,9.9,electric_bike,member,0.0,0.0,1,1,0
2022-05-05,9417,49.70000000000001,0.0,7.8,electric_bike,member,0.0,0.0,1,1,0
2022-05-06,8056,51.1,0.0,4.9,electric_bike,member,0.0,0.0,1,1,0
2022-05-07,21685,55.9,0.0,9.9,electric_bike,casual,0.0,0.0,1,0,0
2022-05-08,16094,58.3,0.0,9.9,electric_bike,casual,0.0,0.0,1,0,0
2022-05-09,22474,70.8,0.0,9.9,electric_bike,casual,0.0,0.0,1,1,0
2022-05-10,25984,80.3,0.0,9.9,electric_bike,casual,0.0,0.0,1,1,0
2022-05-11,23525,82.4,0.0,9.5,electric_bike,casual,0.0,0.0,1,1,0
2022-05-12,25256,84.4,0.0,9.4,electric_bike,casual,0.0,0.0,1,1,0
2022-05-13,27925,81.8,0.0,9.9,electric_bike,casual,0.0,0.0,1,1,0
2022-05-14,30402,76.7,0.0,9.9,electric_bike,casual,0.0,0.0,1,0,0
2022-05-15,19326,70.0,0.0,9.9,electric_bike,casual,0.0,0.0,1,0,0
2022-05-16,23592,68.4,0.0,9.9,electric_bike,casual,0.0,0.0,1,1,0
2022-05-17,18556,59.7,0.0,9.9,electric_bike,casual,0.0,0.0,1,1,0
2022-05-18,14780,58.3,0.0,8.3,electric_bike,member,0.0,0.0,1,1,0
2022-05-19,26696,71.6,0.0,7.3,electric_bike,casual,0.0,0.0,1,1,0
2022-05-20,21394,74.7,0.0,9.8,electric_bike,casual,0.0,0.0,1,1,0
2022-05-21,13093,60.2,0.0,9.4,electric_bike,casual,0.0,0.0,1,0,0
2022-05-22,22138,58.3,0.0,9.9,electric_bike,casual,0.0,0.0,1,0,0
2022-05-23,18328,55.5,0.0,9.9,electric_bike,casual,0.0,0.0,1,1,0
2022-05-24,20171,58.5,0.0,9.9,electric_bike,casual,0.0,0.0,1,1,0
2022-05-25,14549,67.8,0.0,8.7,electric_bike,casual,0.0,0.0,1,1,0
2022-05-26,22516,72.8,0.0,9.9,electric_bike,member,0.0,0.0,1,1,0
2022-05-27,16153,58.7,0.0,9.4,electric_bike,casual,0.0,0.0,1,1,0
2022-05-28,31568,65.0,0.0,9.9,electric_bike,casual,0.0,0.0,1,0,0
2022-05-29,32866,75.2,0.0,9.9,electric_bike,casual,0.0,0.0,1,0,0
2022-05-30,29827,81.4,0.0,9.9,electric_bike,casual,0.0,0.0,1,1,1
2022-05-31,22657,82.1,0.0,9.9,electric_bike,casual,0.0,0.0,1,1,0
2022-06-01,22120,69.7,0.0,9.7,electric_bike,casual,0.0,0.0,1,1,0
2022-06-02,24510,69.0,0.0,9.9,electric_bike,casual,0.0,0.0,1,1,0
2022-06-03,28380,72.1,0.0,9.9,electric_bike,casual,0.0,0.0,1,1,0
2022-06-04,25288,64.6,0.0,9.9,electric_bike,casual,0.0,0.0,1,0,0
2022-06-05,27875,69.1,0.0,9.9,electric_bike,casual,0.0,0.0,1,0,0
2022-06-06,13780,69.3,0.0,8.9,electric_bike,casual,0.0,0.0,1,1,0
2022-06-07,20333,62.3,0.0,9.9,electric_bike,casual,0.0,0.0,1,1,0
2022-06-08,15985,62.5,0.0,9.4,electric_bike,casual,0.0,0.0,1,1,0
2022-06-09,25476,66.7,0.0,9.7,electric_bike,casual,0.0,0.0,1,1,0
2022-06-10,22907,67.7,0.0,9.9,electric_bike,casual,0.0,0.0,1,1,0
2022-06-11,32117,68.2,0.0,9.5,electric_bike,casual,0.0,0.0,1,0,0
2022-06-12,23993,65.9,0.0,9.4,electric_bike,casual,0.0,0.0,1,0,0
2022-06-13,18436,75.2,0.0,9.8,electric_bike,casual,0.0,0.0,1,1,0
2022-06-14,23763,87.9,0.0,9.6,electric_bike,casual,1.0,0.0,1,1,0
2022-06-15,24498,90.4,0.0,9.8,electric_bike,casual,0.0,0.0,1,1,0
2022-06-16,25286,85.8,0.0,9.6,electric_bike,casual,0.0,0.0,1,1,0
2022-06-17,30288,78.9,0.0,9.9,electric_bike,casual,0.0,0.0,1,1,0
2022-06-18,33924,67.2,0.0,9.9,electric_bike,casual,0.0,0.0,1,0,0
2022-06-19,28792,72.4,0.0,9.9,electric_bike,casual,0.0,0.0,1,0,0
2022-06-20,26666,81.9,0.0,9.9,electric_bike,casual,0.0,0.0,1,1,0
2022-06-21,22979,88.0,0.0,9.9,electric_bike,casual,0.0,0.0,1,1,0
2022-06-22,26347,84.3,0.0,9.9,electric_bike,casual,0.0,0.0,1,1,0
2022-06-23,26729,77.1,0.0,9.9,electric_bike,casual,0.0,0.0,1,1,0
2022-06-24,29852,80.8,0.0,9.9,electric_bike,casual,0.0,0.0,1,1,0
2022-06-25,22163,74.8,0.0,9.6,electric_bike,casual,0.0,0.0,1,0,0
2022-06-26,32456,75.8,0.0,9.9,electric_bike,casual,0.0,0.0,1,0,0
2022-06-27,23735,70.6,0.0,9.9,electric_bike,casual,0.0,0.0,1,1,0
2022-06-28,25366,75.3,0.0,9.9,electric_bike,casual,0.0,0.0,1,1,0
2022-06-29,26552,78.1,0.0,9.9,electric_bike,casual,0.0,0.0,1,1,0
2022-06-30,27413,83.7,0.0,9.9,electric_bike,casual,0.0,0.0,1,1,0
2022-07-01,23562,76.5,0.0,9.9,electric_bike,casual,0.0,0.0,1,1,0
2022-07-02,30364,76.7,0.0,9.6,electric_bike,casual,0.0,0.0,1,0,0
2022-07-03,29821,79.6,0.0,9.9,electric_bike,casual,0.0,0.0,1,0,0
2022-07-04,22064,79.9,0.0,9.5,electric_bike,casual,0.0,0.0,1,1,1
2022-07-05,20361,81.9,0.0,9.3,electric_bike,casual,0.0,0.0,1,1,0
2022-07-06,22493,74.8,0.0,9.2,electric_bike,casual,0.0,0.0,1,1,0
2022-07-07,25395,77.9,0.0,9.7,electric_bike,casual,0.0,0.0,1,1,0
2022-07-08,23532,75.7,0.0,9.5,electric_bike,casual,0.0,0.0,1,1,0
2022-07-09,35613,73.0,0.0,9.9,electric_bike,casual,0.0,0.0,1,0,0
2022-07-10,28411,76.1,0.0,9.9,electric_bike,casual,0.0,0.0,1,0,0
2022-07-11,21795,78.9,0.0,9.9,electric_bike,casual,0.0,0.0,1,1,0
2022-07-12,26061,78.9,0.0,9.9,electric_bike,casual,0.0,0.0,1,1,0
2022-07-13,27197,75.1,0.0,9.9,electric_bike,casual,0.0,0.0,1,1,0
2022-07-14,28409,72.4,0.0,9.9,electric_bike,casual,0.0,0.0,1,1,0
2022-07-15,11861,70.7,0.0,8.4,electric_bike,casual,0.0,1.0,1,1,0
2022-07-16,32165,72.7,0.0,8.3,electric_bike,casual,0.0,0.0,1,0,0
2022-07-17,22699,74.0,0.0,8.7,electric_bike,casual,0.0,0.0,1,0,0
2022-07-18,24472,80.3,0.0,9.9,electric_bike,casual,0.0,0.0,1,1,0
2022-07-19,25843,82.2,0.0,9.9,electric_bike,casual,0.0,0.0,1,1,0
2022-07-20,26832,83.0,0.0,9.9,electric_bike,casual,0.0,0.0,1,1,0
2022-07-21,26225,83.1,0.0,9.9,electric_bike,casual,0.0,0.0,1,1,0
2022-07-22,27765,82.2,0.0,9.9,electric_bike,casual,0.0,0.0,1,1,0
2022-07-23,30652,79.0,0.0,9.5,electric_bike,casual,0.0,0.0,1,0,0
2022-07-24,25057,80.6,0.0,9.4,electric_bike,casual,0.0,0.0,1,0,0
2022-07-25,24023,73.0,0.0,9.9,electric_bike,casual,0.0,0.0,1,1,0
2022-07-26,25397,74.5,0.0,9.9,electric_bike,casual,0.0,0.0,1,1,0
2022-07-27,24490,77.0,0.0,9.7,electric_bike,casual,0.0,0.0,1,1,0
2022-07-28,27440,75.6,0.0,9.9,electric_bike,casual,0.0,0.0,1,1,0
2022-07-29,29886,73.8,0.0,9.9,electric_bike,casual,0.0,0.0,1,1,0
2022-07-30,32832,75.9,0.0,9.9,electric_bike,casual,0.0,0.0,1,0,0
2022-07-31,28757,78.2,0.0,9.9,electric_bike,casual,0.0,1.0,1,0,0
2022-08-01,23638,80.2,0.0,9.9,electric_bike,casual,0.0,0.0,1,1,0
2022-08-02,25430,80.3,0.0,9.9,electric_bike,casual,0.0,0.0,1,1,0
2022-08-03,21532,82.2,0.0,9.9,electric_bike,casual,0.0,0.0,1,1,0
2022-08-04,25074,77.5,0.0,9.9,electric_bike,casual,0.0,0.0,1,1,0
2022-08-05,28899,79.9,0.0,9.9,electric_bike,casual,0.0,0.0,1,1,0
2022-08-06,30490,85.3,0.0,9.6,electric_bike,casual,0.0,0.0,1,0,0
2022-08-07,16476,80.6,0.0,9.7,electric_bike,casual,0.0,0.0,1,0,0
2022-08-08,13659,75.7,0.0,9.2,electric_bike,casual,0.0,0.0,1,1,0
2022-08-09,25699,71.1,0.0,9.9,electric_bike,casual,0.0,0.0,1,1,0
2022-08-10,26897,74.9,0.0,9.9,electric_bike,casual,0.0,0.0,1,1,0
2022-08-11,26091,74.9,0.0,9.9,electric_bike,casual,0.0,0.0,1,1,0
2022-08-12,26706,71.7,0.0,9.9,electric_bike,casual,0.0,0.0,1,1,0
2022-08-13,30190,74.6,0.0,9.9,electric_bike,casual,0.0,0.0,1,0,0
2022-08-14,23232,72.5,0.0,9.9,electric_bike,casual,0.0,0.0,1,0,0
2022-08-15,23732,73.5,0.0,9.9,electric_bike,casual,0.0,0.0,1,1,0
2022-08-16,24545,73.7,0.0,9.9,electric_bike,casual,0.0,0.0,1,1,0
2022-08-17,25537,73.8,0.0,9.9,electric_bike,casual,0.0,0.0,1,1,0
2022-08-18,26357,75.1,0.0,9.9,electric_bike,casual,0.0,0.0,1,1,0
2022-08-19,31221,78.0,0.0,9.9,electric_bike,casual,0.0,0.0,1,1,0
2022-08-20,23839,72.4,0.0,9.1,electric_bike,casual,0.0,0.0,1,0,0
2022-08-21,26753,73.1,0.0,8.4,electric_bike,casual,0.0,0.0,1,0,0
2022-08-22,23959,73.7,0.0,9.9,electric_bike,casual,0.0,0.0,1,1,0
2022-08-23,25738,75.2,0.0,9.9,electric_bike,casual,0.0,0.0,1,1,0
2022-08-24,26891,77.1,0.0,9.9,electric_bike,casual,0.0,0.0,1,1,0
2022-08-25,21002,74.0,0.0,9.4,electric_bike,casual,0.0,0.0,1,1,0
2022-08-26,26955,72.5,0.0,9.9,electric_bike,casual,0.0,0.0,1,1,0
2022-08-27,31696,72.7,0.0,9.9,electric_bike,casual,0.0,0.0,1,0,0
2022-08-28,23222,79.9,0.0,9.7,electric_bike,casual,1.0,0.0,1,0,0
2022-08-29,18603,78.0,0.0,9.7,electric_bike,casual,0.0,0.0,1,1,0
2022-08-30,24959,74.8,0.0,9.9,electric_bike,casual,0.0,0.0,1,1,0
2022-08-31,25436,75.2,0.0,9.9,electric_bike,casual,0.0,0.0,1,1,0
2022-09-01,25238,79.1,0.0,9.9,electric_bike,casual,0.0,0.0,1,1,0
2022-09-02,26999,79.5,0.0,9.9,electric_bike,casual,0.0,0.0,1,1,0
2022-09-03,30183,77.2,0.0,9.9,electric_bike,casual,0.0,0.0,1,0,0
2022-09-04,18475,71.9,0.0,9.8,electric_bike,casual,0.0,0.0,1,0,0
2022-09-05,20674,70.1,0.0,9.9,electric_bike,casual,1.0,0.0,1,1,1
2022-09-06,23363,73.4,0.0,9.9,electric_bike,casual,0.0,0.0,1,1,0
2022-09-07,25799,73.5,0.0,9.8,electric_bike,casual,0.0,0.0,1,1,0
2022-09-08,25974,74.4,0.0,9.9,electric_bike,casual,0.0,0.0,1,1,0
2022-09-09,28083,74.9,0.0,9.9,electric_bike,casual,0.0,0.0,1,1,0
2022-09-10,31389,75.7,0.0,9.9,electric_bike,casual,0.0,0.0,1,0,0
2022-09-11,9001,67.7,0.0,8.4,electric_bike,casual,0.0,0.0,1,0,0
2022-09-12,17341,60.1,0.0,8.9,electric_bike,casual,0.0,0.0,1,1,0
2022-09-13,22694,68.5,0.0,9.8,electric_bike,casual,0.0,0.0,1,1,0
2022-09-14,24435,68.4,0.0,9.9,electric_bike,casual,0.0,0.0,1,1,0
2022-09-15,26071,72.7,0.0,9.6,electric_bike,casual,0.0,0.0,1,1,0
2022-09-16,28585,75.1,0.0,9.9,electric_bike,casual,0.0,0.0,1,1,0
2022-09-17,30212,77.6,0.0,9.9,electric_bike,casual,0.0,0.0,1,0,0
2022-09-18,24561,78.7,0.0,9.9,electric_bike,casual,0.0,0.0,1,0,0
2022-09-19,20880,72.9,0.0,9.8,electric_bike,casual,0.0,0.0,1,1,0
2022-09-20,20014,75.2,0.0,9.7,electric_bike,casual,0.0,0.0,1,1,0
2022-09-21,23870,78.7,0.0,9.9,electric_bike,casual,0.0,0.0,1,1,0
2022-09-22,22327,60.2,0.0,9.9,electric_bike,casual,0.0,0.0,1,1,0
2022-09-23,20898,58.4,0.0,9.9,electric_bike,casual,0.0,0.0,1,1,0
2022-09-24,24459,62.4,0.0,9.7,electric_bike,casual,0.0,0.0,1,0,0
2022-09-25,18990,62.6,0.0,9.6,electric_bike,casual,0.0,0.0,1,0,0
2022-09-26,18412,57.7,0.0,9.9,electric_bike,casual,0.0,0.0,1,1,0
2022-09-27,19367,54.5,0.0,9.9,electric_bike,member,0.0,0.0,1,1,0
2022-09-28,19510,54.0,0.0,9.9,electric_bike,member,0.0,0.0,1,1,0
2022-09-29,21153,55.0,0.0,9.9,electric_bike,casual,0.0,0.0,1,1,0
2022-09-30,22354,57.6,0.0,9.9,electric_bike,casual,0.0,0.0,1,1,0
2022-10-01,24972,60.5,0.0,9.8,electric_bike,casual,0.0,0.0,1,0,0
2022-10-02,18454,60.7,0.0,9.9,electric_bike,casual,0.0,0.0,1,0,0
2022-10-03,18808,58.2,0.0,9.9,electric_bike,member,0.0,0.0,1,1,0
2022-10-04,20827,60.0,0.0,9.9,electric_bike,member,0.0,0.0,1,1,0
2022-10-05,22142,64.1,0.0,9.9,electric_bike,casual,0.0,0.0,1,1,0
2022-10-06,17616,63.9,0.0,9.7,electric_bike,casual,0.0,0.0,1,1,0
2022-10-07,14335,50.4,0.0,9.9,electric_bike,member,0.0,0.0,1,1,0
2022-10-08,19737,48.6,0.0,9.9,electric_bike,casual,0.0,0.0,1,0,0
2022-10-09,25081,56.7,0.0,9.9,electric_bike,casual,0.0,0.0,1,0,0
2022-10-10,20428,60.2,0.0,9.7,electric_bike,casual,0.0,0.0,1,1,1
2022-10-11,12990,60.6,0.0,8.7,electric_bike,member,0.0,0.0,1,1,0
2022-10-12,15173,60.0,0.0,9.3,electric_bike,member,0.0,0.0,1,1,0
2022-10-13,19253,48.3,0.0,9.9,electric_bike,member,0.0,0.0,1,1,0
2022-10-14,16521,48.3,0.0,9.8,electric_bike,casual,0.0,0.0,1,1,0
2022-10-15,17156,46.0,0.0,9.9,electric_bike,casual,0.0,0.0,1,0,0
2022-10-16,13475,49.2,0.0,9.9,electric_bike,casual,0.0,0.0,1,0,0
2022-10-17,11286,41.7,0.0,9.9,electric_bike,member,0.0,0.0,1,1,0
2022-10-18,12969,42.4,0.0,9.9,electric_bike,member,0.0,0.0,1,1,0
2022-10-19,14462,42.0,0.0,9.9,electric_bike,member,0.0,0.0,1,1,0
2022-10-20,16743,46.9,0.0,9.9,electric_bike,member,0.0,0.0,1,1,0
2022-10-21,21343,59.9,0.0,9.9,electric_bike,casual,0.0,0.0,1,1,0
2022-10-22,26886,68.5,0.0,9.9,electric_bike,casual,0.0,0.0,1,0,0
2022-10-23,22502,71.4,0.0,9.9,electric_bike,casual,0.0,0.0,1,0,0
2022-10-24,19484,71.4,0.0,9.9,electric_bike,member,0.0,0.0,1,1,0
2022-10-25,7920,60.7,0.0,7.0,electric_bike,casual,0.0,0.0,1,1,0
2022-10-26,16821,48.8,0.0,9.9,electric_bike,member,0.0,0.0,1,1,0
2022-10-27,17348,47.5,0.0,9.9,electric_bike,member,0.0,0.0,1,1,0
2022-10-28,17854,51.7,0.0,9.9,electric_bike,casual,0.0,0.0,1,1,0
2022-10-29,20135,52.7,0.0,9.7,electric_bike,casual,0.0,0.0,1,0,0
2022-10-30,14285,55.0,0.0,8.8,electric_bike,casual,0.0,0.0,1,0,0
2022-10-31,14322,56.5,0.0,3.3,electric_bike,member,0.0,0.0,1,1,0
2022-11-01,19116,57.2,0.0,8.9,electric_bike,member,0.0,0.0,1,1,0
2022-11-02,20622,59.9,0.0,9.9,electric_bike,member,0.0,0.0,1,1,0
2022-11-03,21581,64.4,0.0,9.9,electric_bike,casual,0.0,0.0,1,1,0
2022-11-04,17054,67.2,0.0,9.7,electric_bike,casual,0.0,0.0,1,1,0
2022-11-05,10271,58.6,0.0,9.2,electric_bike,casual,0.0,0.0,1,0,0
2022-11-06,15902,53.2,0.0,9.9,electric_bike,casual,0.0,0.0,1,0,0
2022-11-07,14087,48.3,0.0,9.9,electric_bike,casual,0.0,0.0,1,1,0
2022-11-08,14783,49.3,0.0,9.9,electric_bike,member,0.0,0.0,1,1,0
2022-11-09,17435,59.1,0.0,9.9,electric_bike,member,0.0,0.0,1,1,0
2022-11-10,20638,66.8,0.0,9.9,electric_bike,casual,0.0,0.0,1,1,0
2022-11-11,12978,44.9,0.0,9.9,electric_bike,casual,0.0,0.0,1,1,1
2022-11-12,8322,34.4,0.0,9.9,electric_bike,member,1.0,0.0,1,0,0
2022-11-13,7964,32.8,0.0,9.9,electric_bike,casual,0.0,0.0,1,0,0
2022-11-14,9789,34.5,0.0,9.9,electric_bike,member,0.0,0.0,1,1,0
2022-11-15,6043,35.3,0.3,5.1,electric_bike,member,0.0,0.0,1,1,0
2022-11-16,8213,34.1,0.0,7.5,electric_bike,member,0.0,0.0,1,1,0
2022-11-17,8768,31.5,0.20000000000000004,9.1,electric_bike,member,0.0,0.0,1,1,0
2022-11-18,6592,25.4,0.1,9.2,electric_bike,member,0.0,0.0,1,1,0
2022-11-19,4304,22.2,0.4,9.3,electric_bike,member,0.0,0.0,1,0,0
2022-11-20,4218,23.8,0.0,9.9,electric_bike,member,0.0,0.0,1,0,0
2022-11-21,8376,36.5,0.0,9.9,electric_bike,member,0.0,0.0,1,1,0
2022-11-22,9521,39.1,0.0,9.9,electric_bike,member,0.0,0.0,1,1,0
2022-11-23,10365,44.7,0.0,9.9,electric_bike,casual,0.0,0.0,1,1,0
2022-11-24,5225,45.3,0.0,9.7,electric_bike,member,0.0,0.0,1,1,1
2022-11-25,7615,42.5,0.0,9.5,electric_bike,member,0.0,0.0,1,1,0
2022-11-26,8892,44.4,0.0,9.9,electric_bike,casual,1.0,0.0,1,0,0
2022-11-27,5130,42.7,0.0,9.2,electric_bike,member,0.0,0.0,1,0,0
2022-11-28,9771,38.8,0.0,9.9,electric_bike,member,0.0,0.0,1,1,0
2022-11-29,11689,48.89999999999999,0.0,9.2,electric_bike,member,0.0,0.0,1,1,0
2022-11-30,7737,26.4,0.0,9.9,electric_bike,member,0.0,0.0,1,1,0
2022-12-01,8374,27.1,0.0,9.9,electric_bike,member,0.0,0.0,1,1,0
2022-12-02,10264,44.6,0.0,9.9,electric_bike,member,0.0,0.0,1,1,0
2022-12-03,7076,30.2,0.0,9.8,electric_bike,casual,0.0,0.0,1,0,0
2022-12-04,6384,29.2,0.0,9.9,electric_bike,member,0.0,0.0,1,0,0
2022-12-05,8746,36.5,0.0,9.5,electric_bike,member,0.0,0.0,1,1,0
2022-12-06,10058,40.9,0.0,7.8,electric_bike,member,0.0,0.0,1,1,0
2022-12-07,10925,40.1,0.0,5.2,electric_bike,casual,0.0,0.0,1,1,0
2022-12-08,10429,37.5,0.0,9.5,electric_bike,member,0.0,0.0,1,1,0
2022-12-09,4738,36.9,0.1,5.6,electric_bike,member,0.0,0.0,1,1,0
2022-12-10,7745,38.1,0.0,5.7,electric_bike,member,0.0,0.0,1,0,0
2022-12-11,6718,38.2,0.0,9.3,electric_bike,member,0.0,0.0,1,0,0
2022-12-12,8285,38.8,0.0,9.8,electric_bike,member,0.0,0.0,1,1,0
2022-12-13,8851,36.5,0.0,9.900000000000002,electric_bike,member,0.0,0.0,1,1,0
2022-12-14,4313,40.1,0.0,4.6,electric_bike,member,0.0,0.0,1,1,0
2022-12-15,7075,34.9,0.1,7.7,electric_bike,member,0.0,0.0,1,1,0
2022-12-16,4895,29.4,0.7,7.0,electric_bike,member,0.0,0.0,1,1,0
2022-12-17,3979,24.3,0.6999999999999998,9.300000000000002,electric_bike,member,0.0,0.0,1,0,0
2022-12-18,3631,17.9,0.20000000000000004,9.9,electric_bike,member,0.0,0.0,1,0,0
2022-12-19,5281,18.9,0.0,9.9,electric_bike,member,0.0,0.0,1,1,0
2022-12-20,6466,27.7,0.0,9.7,electric_bike,member,0.0,0.0,1,1,0
2022-12-21,6263,23.8,0.0,9.0,electric_bike,member,0.0,0.0,1,1,0
2022-12-22,2604,20.8,0.5,4.6,electric_bike,member,0.0,0.0,1,1,0
2022-12-23,267,-4.3,0.8,3.4,classic_bike,member,0.0,0.0,1,1,0
2022-12-24,474,6.2,0.4,8.6,classic_bike,member,0.0,0.0,1,0,0
2022-12-25,470,8.7,0.0,9.9,electric_bike,member,0.0,0.0,1,0,1
2022-12-26,1233,17.9,0.4,9.1,electric_bike,member,0.0,0.0,1,1,0
2022-12-27,2293,17.2,0.0,9.9,electric_bike,member,0.0,0.0,1,1,0
2022-12-28,4049,36.6,0.0,9.9,electric_bike,member,0.0,1.0,1,1,0
2022-12-29,6340,51.5,0.0,9.8,electric_bike,member,0.0,0.0,1,1,0
2022-12-30,6328,42.9,0.0,8.8,electric_bike,member,0.0,0.0,1,1,0
2022-12-31,5000,32.9,0.0,9.5,electric_bike,member,0.0,0.0,1,0,0
2023-01-01,5095,41.1,0.0,5.0,electric_bike,member,0.0,0.0,1,0,1
2023-01-02,5437,38.1,0.0,4.6,electric_bike,member,0.0,0.0,1,1,0
2023-01-03,5062,42.9,0.0,1.9,electric_bike,member,0.0,0.0,1,1,0
2023-01-04,7144,37.0,0.0,8.5,electric_bike,member,0.0,0.0,1,1,0
2023-01-05,6504,33.0,0.7,7.0,electric_bike,member,0.0,0.0,1,1,0
2023-01-06,6454,29.3,0.1,9.1,electric_bike,member,0.0,0.0,1,1,0
2023-01-07,5341,30.2,0.0,9.5,electric_bike,member,0.0,0.0,1,0,0
2023-01-08,5276,30.3,0.0,9.6,electric_bike,member,0.0,0.0,1,0,0
2023-01-09,7925,34.1,0.0,8.2,electric_bike,member,0.0,0.0,1,1,0
2023-01-10,9739,41.3,0.0,9.4,electric_bike,member,0.0,0.0,1,1,0
2023-01-11,10375,44.8,0.0,8.7,electric_bike,member,0.0,0.0,1,1,0
2023-01-12,8624,38.20000000000001,0.0,7.599999999999999,electric_bike,member,0.0,0.0,1,1,0
2023-01-13,6909,30.8,0.4,9.4,electric_bike,member,0.0,0.0,1,1,0
2023-01-14,5711,27.1,0.0,9.9,electric_bike,member,0.0,0.0,1,0,0
2023-01-15,6023,34.4,0.0,9.9,electric_bike,member,0.0,0.0,1,0,0
2023-01-16,4539,44.2,0.0,8.2,electric_bike,member,0.0,0.0,1,1,1
2023-01-17,8841,40.8,0.0,9.4,electric_bike,member,0.0,0.0,1,1,0
2023-01-18,8420,37.7,0.0,9.4,electric_bike,member,0.0,0.0,1,1,0
2023-01-19,7052,38.4,0.0,5.7,electric_bike,member,0.0,0.0,1,1,0
2023-01-20,7462,32.9,0.0,9.7,electric_bike,member,0.0,0.0,1,1,0
2023-01-21,6034,30.0,0.0,9.9,electric_bike,member,0.0,0.0,1,0,0
2023-01-22,3332,31.600000000000005,1.0,5.3,electric_bike,member,0.0,0.0,1,0,0
2023-01-23,6470,27.0,0.0,8.8,electric_bike,member,0.0,0.0,1,1,0
2023-01-24,8188,32.2,0.0,9.5,electric_bike,member,0.0,0.0,1,1,0
2023-01-25,4316,33.1,4.2,2.7,electric_bike,member,0.0,0.0,1,1,0
2023-01-26,5184,25.1,1.8000000000000003,5.200000000000001,electric_bike,member,0.0,0.0,1,1,0
2023-01-27,3971,24.5,0.8,8.4,electric_bike,member,0.0,0.0,1,1,0
2023-01-28,2508,24.800000000000004,1.6999999999999997,7.5,electric_bike,member,0.0,0.0,1,0,0
2023-01-29,2393,25.0,1.0,8.0,electric_bike,member,0.0,0.0,1,0,0
2023-01-30,3633,12.4,1.1,9.1,electric_bike,member,0.0,0.0,1,1,0
2023-01-31,4041,7.2,0.0,9.9,electric_bike,member,0.0,0.0,1,1,0
2023-02-01,5251,17.6,0.0,9.9,electric_bike,member,0.0,0.0,1,1,0
2023-02-02,6056,24.7,0.0,9.9,electric_bike,member,0.0,0.0,1,1,0
2023-02-03,3460,7.7,0.0,9.9,electric_bike,member,0.0,0.0,1,1,0
2023-02-04,4858,28.300000000000004,0.0,9.9,electric_bike,member,0.0,0.0,1,0,0
2023-02-05,5463,37.2,0.0,9.900000000000002,electric_bike,member,0.0,0.0,1,0,0
2023-02-06,7152,35.0,0.0,9.2,electric_bike,member,0.0,0.0,1,1,0
2023-02-07,8120,40.2,0.0,9.9,electric_bike,member,0.0,0.0,1,1,0
2023-02-08,8329,35.1,0.0,9.8,electric_bike,member,0.0,0.0,1,1,0
2023-02-09,4398,38.9,0.2,5.3,electric_bike,member,0.0,0.0,1,1,0
2023-02-10,7043,34.4,0.0,9.599999999999998,electric_bike,member,0.0,1.0,1,1,0
2023-02-11,7455,34.5,0.0,9.9,electric_bike,member,0.0,0.0,1,0,0
2023-02-12,8619,40.9,0.0,9.9,electric_bike,member,0.0,0.0,1,0,0
2023-02-13,9156,43.1,0.0,9.9,electric_bike,member,0.0,0.0,1,1,0
2023-02-14,9014,46.2,0.0,9.900000000000002,electric_bike,member,0.0,0.0,1,1,0
2023-02-15,8435,43.3,0.0,9.7,electric_bike,member,0.0,0.0,1,1,0
2023-02-16,3487,32.9,0.5,5.4,electric_bike,member,0.0,0.0,1,1,0
2023-02-17,4499,23.300000000000004,1.8000000000000003,9.8,electric_bike,member,0.0,0.0,1,1,0
2023-02-18,6194,35.9,0.0,9.9,electric_bike,member,0.0,0.0,1,0,0
2023-02-19,8703,44.1,0.0,9.9,electric_bike,member,0.0,0.0,1,0,0
2023-02-20,7978,38.5,0.0,9.9,electric_bike,member,0.0,0.0,1,1,1
2023-02-21,7824,33.6,0.0,9.9,electric_bike,member,0.0,0.0,1,1,0
2023-02-22,3486,34.5,0.0,7.0,electric_bike,member,0.0,0.0,1,1,0
2023-02-23,7643,34.1,0.0,7.4,electric_bike,member,0.0,0.0,1,1,0
2023-02-24,6329,24.2,0.0,9.0,electric_bike,member,0.0,0.0,1,1,0
2023-02-25,5515,32.0,0.5,9.8,electric_bike,member,0.0,0.0,1,0,0
2023-02-26,7103,37.6,0.0,9.6,electric_bike,member,0.0,0.0,1,0,0
2023-02-27,6492,46.3,0.0,8.1,electric_bike,member,0.0,0.0,1,1,0
2023-02-28,10150,42.3,0.0,9.9,electric_bike,member,0.0,0.0,1,1,0
2023-03-01,11712,46.5,0.0,9.3,electric_bike,member,0.0,0.0,1,1,0
2023-03-02,8951,36.4,0.0,9.9,electric_bike,member,0.0,0.0,1,1,0
2023-03-03,6535,36.1,0.4,9.2,electric_bike,member,0.0,0.0,1,1,0
2023-03-04,7599,38.5,0.0,8.3,electric_bike,member,0.0,0.0,1,0,0
2023-03-05,8136,40.3,0.0,8.6,electric_bike,member,0.0,0.0,1,0,0
2023-03-06,7984,44.5,0.0,9.800000000000002,electric_bike,member,0.0,0.0,1,1,0
2023-03-07,9777,39.3,0.0,9.8,electric_bike,member,0.0,0.0,1,1,0
2023-03-08,9654,40.3,0.0,9.900000000000002,electric_bike,member,0.0,0.0,1,1,0
2023-03-09,7738,38.0,0.0,8.7,electric_bike,member,0.0,0.0,1,1,0
2023-03-10,6048,34.5,1.7,5.7,electric_bike,member,0.0,0.0,1,1,0
2023-03-11,7730,35.9,0.0,8.8,electric_bike,member,0.0,0.0,1,0,0
2023-03-12,3920,34.2,0.6,6.7,electric_bike,member,0.0,0.0,1,0,0
2023-03-13,5780,30.0,0.7,8.9,electric_bike,member,0.0,0.0,1,1,0
2023-03-14,8596,28.6,0.0,9.9,electric_bike,member,0.0,0.0,1,1,0
2023-03-15,10066,38.0,0.0,9.900000000000002,electric_bike,member,0.0,0.0,1,1,0
2023-03-16,8440,44.9,0.0,8.7,electric_bike,casual,0.0,0.0,1,1,0
2023-03-17,7634,34.8,0.0,8.9,electric_bike,member,0.0,0.0,1,1,0
2023-03-18,3934,20.6,0.3,9.6,electric_bike,member,1.0,1.0,1,0,0
2023-03-19,5606,29.199999999999996,0.0,9.900000000000002,electric_bike,member,0.0,0.0,1,0,0
2023-03-20,9016,40.8,0.0,9.9,electric_bike,member,0.0,0.0,1,1,0
2023-03-21,11231,44.3,0.0,9.9,electric_bike,member,0.0,0.0,1,1,0
2023-03-22,9184,45.4,0.0,5.7,electric_bike,member,0.0,0.0,1,1,0
2023-03-23,8842,42.1,0.0,7.6,electric_bike,member,0.0,0.0,1,1,0
2023-03-24,8968,40.4,0.0,9.9,electric_bike,member,0.0,0.0,1,1,0
2023-03-25,5491,38.5,0.0,6.7,electric_bike,member,0.0,0.0,1,0,0
2023-03-26,6614,40.0,0.0,9.7,electric_bike,member,0.0,0.0,1,0,0
2023-03-27,9119,39.7,0.0,9.8,electric_bike,member,0.0,0.0,1,1,0
2023-03-28,11348,40.5,0.0,9.9,electric_bike,member,0.0,0.0,1,1,0
2023-03-29,9900,37.4,0.0,9.7,electric_bike,member,0.0,0.0,1,1,0
2023-03-30,11575,40.6,0.0,9.9,electric_bike,member,0.0,0.0,1,1,0
2023-03-31,8938,59.5,0.0,9.7,electric_bike,member,0.0,0.0,1,1,0
2023-04-01,7116,40.7,0.0,9.7,electric_bike,member,0.0,0.0,1,0,0
2023-04-02,11197,43.6,0.0,9.9,electric_bike,member,0.0,0.0,1,0,0
2023-04-03,9730,52.0,0.0,9.8,electric_bike,member,0.0,0.0,1,1,0
2023-04-04,8911,52.0,0.0,8.8,electric_bike,member,0.0,0.0,1,1,0
2023-04-05,10081,60.3,0.0,9.8,electric_bike,member,0.0,0.0,1,1,0
2023-04-06,12448,42.79999999999999,0.0,9.9,electric_bike,member,0.0,0.0,1,1,0
2023-04-07,11359,42.5,0.0,9.9,electric_bike,member,0.0,0.0,1,1,0
2023-04-08,15113,50.0,0.0,9.9,electric_bike,casual,0.0,0.0,1,0,0
2023-04-09,13916,56.2,0.0,9.9,electric_bike,casual,0.0,0.0,1,0,0
2023-04-10,16341,60.6,0.0,9.9,electric_bike,casual,0.0,0.0,1,1,0
2023-04-11,20985,67.1,0.0,9.9,electric_bike,casual,0.0,0.0,1,1,0
2023-04-12,22406,71.8,0.0,9.9,electric_bike,casual,0.0,0.0,1,1,0
2023-04-13,23282,71.6,0.0,9.9,electric_bike,casual,0.0,0.0,1,1,0
2023-04-14,23934,70.6,0.0,9.9,electric_bike,casual,0.0,0.0,1,1,0
2023-04-15,27859,72.9,0.0,9.8,electric_bike,casual,0.0,0.0,1,0,0
2023-04-16,6910,48.8,0.0,8.8,electric_bike,member,0.0,0.0,1,0,0
2023-04-17,7234,36.6,0.3,8.7,electric_bike,member,0.0,0.0,1,1,0
2023-04-18,14921,45.8,0.0,9.9,electric_bike,casual,0.0,0.0,1,1,0
2023-04-19,14094,52.2,0.0,9.9,electric_bike,member,0.0,0.0,1,1,0
2023-04-20,17033,65.5,0.0,9.8,electric_bike,casual,0.0,0.0,1,1,0
2023-04-21,17992,52.1,0.0,9.9,electric_bike,casual,0.0,0.0,1,1,0
2023-04-22,10163,42.7,0.0,9.8,electric_bike,member,0.0,0.0,1,0,0
2023-04-23,8387,39.8,0.0,9.9,electric_bike,member,0.0,0.0,1,0,0
2023-04-24,12034,44.7,0.0,9.9,electric_bike,member,0.0,0.0,1,1,0
2023-04-25,10686,42.5,0.0,9.0,electric_bike,member,0.0,0.0,1,1,0
2023-04-26,14037,42.3,0.0,9.9,electric_bike,member,0.0,0.0,1,1,0
2023-04-27,18071,51.5,0.0,9.9,electric_bike,member,0.0,0.0,1,1,0
2023-04-28,15212,53.6,0.0,9.9,electric_bike,member,0.0,0.0,1,1,0
2023-04-29,11798,50.2,0.0,9.5,electric_bike,member,0.0,0.0,1,0,0
2023-04-30,7285,43.9,0.0,9.7,electric_bike,casual,0.0,0.0,1,0,0
2023-05-01,6724,44.0,0.0,9.4,electric_bike,member,0.0,0.0,1,1,0
2023-05-02,12756,48.1,0.0,9.9,electric_bike,member,0.0,0.0,1,1,0
2023-05-03,15059,47.6,0.0,9.9,electric_bike,member,0.0,0.0,1,1,0
2023-05-04,19645,57.3,0.0,9.9,electric_bike,casual,0.0,0.0,1,1,0
2023-05-05,23097,67.5,0.0,9.9,electric_bike,casual,0.0,0.0,1,1,0
2023-05-06,21114,67.9,0.0,9.9,electric_bike,casual,0.0,0.0,1,0,0
2023-05-07,22860,70.6,0.0,9.8,electric_bike,casual,0.0,0.0,1,0,0
2023-05-08,10163,54.70000000000001,0.0,8.1,electric_bike,member,0.0,0.0,1,1,0
2023-05-09,18707,58.8,0.0,9.5,electric_bike,member,0.0,0.0,1,1,0
2023-05-10,22114,64.4,0.0,9.9,electric_bike,casual,0.0,0.0,1,1,0
2023-05-11,23047,69.7,0.0,9.9,electric_bike,casual,0.0,0.0,1,1,0
2023-05-12,12859,68.4,0.0,8.8,electric_bike,casual,0.0,0.0,1,1,0
2023-05-13,15755,61.1,0.0,9.2,electric_bike,casual,0.0,0.0,1,0,0
2023-05-14,10311,58.8,0.0,9.9,electric_bike,member,0.0,0.0,1,0,0
2023-05-15,16094,59.2,0.0,9.9,electric_bike,member,0.0,0.0,1,1,0
2023-05-16,20741,63.0,0.0,9.9,electric_bike,member,0.0,0.0,1,1,0
2023-05-17,17678,53.2,0.0,9.9,electric_bike,casual,0.0,0.0,1,1,0
2023-05-18,21202,60.2,0.0,9.9,electric_bike,casual,0.0,0.0,1,1,0
2023-05-19,17244,66.3,0.0,8.6,electric_bike,casual,0.0,0.0,1,1,0
2023-05-20,23478,59.8,0.0,9.9,electric_bike,casual,0.0,0.0,1,0,0
2023-05-21,25519,66.9,0.0,9.9,electric_bike,casual,0.0,0.0,1,0,0
2023-05-22,20910,69.4,0.0,9.9,electric_bike,casual,0.0,0.0,1,1,0
2023-05-23,24682,72.1,0.0,9.9,electric_bike,casual,0.0,0.0,1,1,0
2023-05-24,19937,62.0,0.0,9.9,electric_bike,member,0.0,0.0,1,1,0
2023-05-25,18891,54.3,0.0,9.9,electric_bike,member,0.0,0.0,1,1,0
2023-05-26,20841,59.2,0.0,9.9,electric_bike,casual,0.0,0.0,1,1,0
2023-05-27,22563,62.0,0.0,9.9,electric_bike,casual,0.0,0.0,1,0,0
2023-05-28,23402,67.1,0.0,9.9,electric_bike,casual,0.0,0.0,1,0,0
2023-05-29,23149,70.6,0.0,9.9,electric_bike,casual,0.0,0.0,1,1,1
2023-05-30,22783,74.8,0.0,9.9,electric_bike,casual,0.0,0.0,1,1,0
2023-05-31,22822,78.9,0.0,9.9,electric_bike,casual,0.0,0.0,1,1,0
2023-06-01,25118,78.3,0.0,9.9,electric_bike,casual,0.0,0.0,1,1,0
2023-06-02,27960,79.2,0.0,9.9,electric_bike,casual,0.0,0.0,1,1,0
2023-06-03,31266,76.7,0.0,9.9,electric_bike,casual,1.0,1.0,1,0,0
2023-06-04,25296,70.9,0.0,9.8,electric_bike,casual,0.0,0.0,1,0,0
2023-06-05,22063,70.9,0.0,9.8,electric_bike,casual,0.0,0.0,1,1,0
2023-06-06,21699,68.6,0.0,8.9,electric_bike,casual,1.0,0.0,1,1,0
2023-06-07,23855,65.5,0.0,9.4,electric_bike,casual,0.0,0.0,1,1,0
2023-06-08,23597,64.6,0.0,9.9,electric_bike,casual,0.0,0.0,1,1,0
2023-06-09,27462,68.1,0.0,9.9,electric_bike,casual,0.0,0.0,1,1,0
2023-06-10,34425,74.8,0.0,9.9,electric_bike,casual,0.0,0.0,1,0,0
2023-06-11,10411,57.8,0.0,9.7,electric_bike,casual,0.0,0.0,1,0,0
2023-06-12,19152,59.9,0.0,9.9,electric_bike,member,0.0,0.0,1,1,0
2023-06-13,10287,61.0,0.0,8.6,electric_bike,member,0.0,0.0,1,1,0
2023-06-14,22907,65.3,0.0,9.8,electric_bike,casual,0.0,0.0,1,1,0
2023-06-15,21733,64.4,0.0,8.3,electric_bike,casual,0.0,0.0,1,1,0
2023-06-16,21590,59.2,0.0,9.9,electric_bike,casual,0.0,0.0,1,1,0
2023-06-17,29248,66.6,0.0,8.4,electric_bike,casual,0.0,0.0,1,0,0
2023-06-18,24201,73.0,0.0,9.0,electric_bike,casual,1.0,0.0,1,0,0
2023-06-19,24230,74.8,0.0,9.3,electric_bike,casual,0.0,0.0,1,1,0
2023-06-20,23930,73.4,0.0,9.9,electric_bike,casual,0.0,0.0,1,1,0
2023-06-21,25824,75.8,0.0,9.9,electric_bike,casual,0.0,0.0,1,1,0
2023-06-22,25705,75.7,0.0,9.9,electric_bike,casual,0.0,0.0,1,1,0
2023-06-23,28198,75.9,0.0,8.8,electric_bike,casual,0.0,0.0,1,1,0
2023-06-24,33242,78.9,0.0,9.8,electric_bike,casual,0.0,0.0,1,0,0
2023-06-25,22895,75.3,0.0,9.1,electric_bike,casual,0.0,0.0,1,0,0
2023-06-26,18382,71.5,0.0,8.0,electric_bike,casual,0.0,0.0,1,1,0
2023-06-27,19572,69.2,0.0,2.5,electric_bike,casual,0.0,0.0,1,1,0
2023-06-28,21042,71.9,0.0,1.7,electric_bike,casual,0.0,0.0,1,1,0
2023-06-29,19313,78.3,0.0,4.7,electric_bike,casual,0.0,0.0,1,1,0
2023-06-30,23819,80.1,0.0,6.7,electric_bike,casual,0.0,0.0,1,1,0
2023-07-01,22517,77.1,0.0,8.2,electric_bike,casual,0.0,0.0,1,0,0
2023-07-02,6095,69.8,0.0,5.4,electric_bike,member,0.0,0.0,1,0,0
2023-07-03,26282,75.1,0.0,9.9,electric_bike,casual,0.0,0.0,1,1,0
2023-07-04,27001,81.5,0.0,9.5,electric_bike,casual,0.0,0.0,1,1,1
2023-07-05,16804,79.6,0.0,8.5,electric_bike,casual,1.0,0.0,1,1,0
2023-07-06,24379,73.3,0.0,9.0,electric_bike,casual,0.0,0.0,1,1,0
2023-07-07,26017,72.2,0.0,9.9,electric_bike,casual,0.0,0.0,1,1,0
2023-07-08,24970,68.9,0.0,9.3,electric_bike,casual,0.0,1.0,1,0,0
2023-07-09,27470,73.3,0.0,9.9,electric_bike,casual,0.0,0.0,1,0,0
2023-07-10,23560,76.4,0.0,9.9,electric_bike,member,0.0,0.0,1,1,0
2023-07-11,21269,73.8,0.0,9.6,electric_bike,casual,0.0,0.0,1,1,0
2023-07-12,14293,68.9,0.0,9.0,electric_bike,casual,0.0,0.0,1,1,0
2023-07-13,25893,69.7,0.0,9.8,electric_bike,casual,0.0,0.0,1,1,0
2023-07-14,25507,78.2,0.0,9.6,electric_bike,casual,0.0,0.0,1,1,0
2023-07-15,29699,76.7,0.0,9.4,electric_bike,casual,0.0,0.0,1,0,0
2023-07-16,25377,74.6,0.0,7.7,electric_bike,casual,0.0,0.0,1,0,0
2023-07-17,23403,73.4,0.0,8.9,electric_bike,casual,0.0,0.0,1,1,0
2023-07-18,25886,71.3,0.0,9.9,electric_bike,casual,0.0,0.0,1,1,0
2023-07-19,27123,74.7,0.0,9.9,electric_bike,casual,0.0,0.0,1,1,0
2023-07-20,27034,78.5,0.0,9.9,electric_bike,casual,0.0,0.0,1,1,0
2023-07-21,29177,73.4,0.0,9.9,electric_bike,casual,0.0,0.0,1,1,0
2023-07-22,25898,73.5,0.0,9.9,electric_bike,casual,0.0,1.0,1,0,0
2023-07-23,27943,74.2,0.0,9.7,electric_bike,casual,0.0,0.0,1,0,0
2023-07-24,23557,77.6,0.0,8.5,electric_bike,casual,0.0,0.0,1,1,0
2023-07-25,25181,80.1,0.0,5.5,electric_bike,casual,0.0,0.0,1,1,0
2023-07-26,22603,81.6,0.0,8.7,electric_bike,casual,0.0,0.0,1,1,0
2023-07-27,25290,83.3,0.0,9.7,electric_bike,casual,0.0,0.0,1,1,0
2023-07-28,21552,82.6,0.0,9.5,electric_bike,casual,0.0,0.0,1,1,0
2023-07-29,31332,75.3,0.0,9.6,electric_bike,casual,0.0,0.0,1,0,0
2023-07-30,27531,73.7,0.0,9.9,electric_bike,casual,0.0,0.0,1,0,0
2023-07-31,23774,73.6,0.0,9.9,electric_bike,casual,0.0,0.0,1,1,0
2023-08-01,26480,76.7,0.0,9.9,electric_bike,casual,0.0,0.0,1,1,0
2023-08-02,28980,77.0,0.0,9.9,electric_bike,casual,0.0,0.0,1,1,0
2023-08-03,29186,77.7,0.0,9.8,electric_bike,casual,0.0,0.0,1,1,0
2023-08-04,31352,77.9,0.0,9.9,electric_bike,casual,0.0,0.0,1,1,0
2023-08-05,17160,73.5,0.0,9.0,electric_bike,casual,0.0,0.0,1,0,0
2023-08-06,19096,68.8,0.0,8.4,electric_bike,casual,0.0,0.0,1,0,0
2023-08-07,22650,72.6,0.0,9.9,electric_bike,casual,0.0,0.0,1,1,0
2023-08-08,24940,73.9,0.0,9.9,electric_bike,casual,0.0,0.0,1,1,0
2023-08-09,25608,72.6,0.0,9.0,electric_bike,casual,0.0,0.0,1,1,0
2023-08-10,25167,74.0,0.0,8.4,electric_bike,casual,0.0,0.0,1,1,0
2023-08-11,26824,77.1,0.0,9.9,electric_bike,casual,0.0,0.0,1,1,0
2023-08-12,32945,78.8,0.0,9.9,electric_bike,casual,0.0,0.0,1,0,0
2023-08-13,22951,73.0,0.0,9.9,electric_bike,casual,1.0,1.0,1,0,0
2023-08-14,9775,70.6,0.0,8.0,electric_bike,casual,0.0,0.0,1,1,0
2023-08-15,22388,68.7,0.0,9.0,electric_bike,casual,0.0,0.0,1,1,0
2023-08-16,26375,71.4,0.0,9.9,electric_bike,casual,0.0,0.0,1,1,0
2023-08-17,21166,71.6,0.0,9.6,electric_bike,casual,0.0,0.0,1,1,0
2023-08-18,27513,68.9,0.0,9.7,electric_bike,casual,0.0,0.0,1,1,0
2023-08-19,31639,72.8,0.0,9.8,electric_bike,casual,0.0,0.0,1,0,0
2023-08-20,26667,79.9,0.0,9.9,electric_bike,casual,0.0,0.0,1,0,0
2023-08-21,22246,75.4,0.0,9.9,electric_bike,casual,0.0,0.0,1,1,0
2023-08-22,25063,79.0,0.0,9.3,electric_bike,casual,0.0,0.0,1,1,0
2023-08-23,21602,86.9,0.0,8.2,electric_bike,casual,0.0,0.0,1,1,0
2023-08-24,20769,89.7,0.0,9.4,electric_bike,casual,0.0,0.0,1,1,0
2023-08-25,25877,75.0,0.0,9.9,electric_bike,casual,0.0,0.0,1,1,0
2023-08-26,26294,72.0,0.0,9.9,electric_bike,casual,0.0,0.0,1,0,0
2023-08-27,24525,69.3,0.0,9.9,electric_bike,casual,0.0,0.0,1,0,0
2023-08-28,22209,70.6,0.0,9.9,electric_bike,casual,0.0,0.0,1,1,0
2023-08-29,24412,72.3,0.0,9.9,electric_bike,casual,0.0,0.0,1,1,0
2023-08-30,24176,65.3,0.0,9.9,electric_bike,casual,0.0,0.0,1,1,0
2023-08-31,24485,66.1,0.0,9.9,electric_bike,casual,1.0,0.0,1,1,0
2023-09-01,23794,71.7,0.0,9.9,electric_bike,casual,0.0,0.0,1,1,0
2023-09-02,26034,76.3,0.0,9.9,electric_bike,casual,0.0,0.0,1,0,0
2023-09-03,25452,81.5,0.0,9.9,electric_bike,casual,0.0,0.0,1,0,0
2023-09-04,22465,82.6,0.0,9.9,electric_bike,casual,0.0,0.0,1,1,1
2023-09-05,21807,82.7,0.0,9.9,electric_bike,casual,0.0,0.0,1,1,0
2023-09-06,20174,74.6,0.0,9.5,electric_bike,casual,0.0,0.0,1,1,0
2023-09-07,22582,68.1,0.0,9.7,electric_bike,casual,0.0,0.0,1,1,0
2023-09-08,17105,64.2,0.0,9.4,electric_bike,member,0.0,1.0,1,1,0
2023-09-09,27753,64.9,0.0,9.9,electric_bike,casual,0.0,0.0,1,0,0
2023-09-10,25210,68.1,0.0,9.9,electric_bike,casual,0.0,0.0,1,0,0
2023-09-11,7561,65.1,0.0,6.7,electric_bike,member,0.0,0.0,1,1,0
2023-09-12,22458,63.0,0.0,9.8,electric_bike,casual,0.0,0.0,1,1,0
2023-09-13,22354,61.6,0.0,9.9,electric_bike,casual,0.0,0.0,1,1,0
2023-09-14,23096,62.5,0.0,9.9,electric_bike,casual,0.0,0.0,1,1,0
2023-09-15,25996,65.9,0.0,9.9,electric_bike,casual,0.0,0.0,1,1,0
2023-09-16,26619,64.9,0.0,9.9,electric_bike,casual,0.0,0.0,1,0,0
2023-09-17,15255,62.2,0.0,8.8,electric_bike,casual,0.0,0.0,1,0,0
2023-09-18,19937,62.0,0.0,9.9,electric_bike,casual,0.0,0.0,1,1,0
2023-09-19,13197,61.3,0.0,9.6,electric_bike,member,0.0,0.0,1,1,0
2023-09-20,23595,70.5,0.0,9.9,electric_bike,casual,0.0,0.0,1,1,0
2023-09-21,21111,70.3,0.0,9.7,electric_bike,casual,0.0,0.0,1,1,0
2023-09-22,24176,71.4,0.0,9.6,electric_bike,casual,0.0,0.0,1,1,0
2023-09-23,28132,71.4,0.0,9.9,electric_bike,casual,1.0,1.0,1,0,0
2023-09-24,22242,68.2,0.0,9.9,electric_bike,casual,0.0,0.0,1,0,0
2023-09-25,18293,69.2,0.0,9.9,electric_bike,casual,0.0,0.0,1,1,0
2023-09-26,17355,67.7,0.0,9.5,electric_bike,casual,0.0,0.0,1,1,0
2023-09-27,19629,66.3,0.0,8.7,electric_bike,member,0.0,0.0,1,1,0
2023-09-28,22143,66.1,0.0,9.9,electric_bike,member,0.0,0.0,1,1,0
2023-09-29,23409,66.0,0.0,7.8,electric_bike,casual,0.0,0.0,1,1,0
2023-09-30,27222,70.7,0.0,9.7,electric_bike,casual,0.0,0.0,1,0,0
2023-10-01,23929,72.8,0.0,9.9,electric_bike,casual,0.0,0.0,1,0,0
2023-10-02,21417,73.7,0.0,9.9,electric_bike,casual,0.0,0.0,1,1,0
2023-10-03,24576,75.6,0.0,9.9,electric_bike,casual,0.0,0.0,1,1,0
2023-10-04,25705,76.9,0.0,9.8,electric_bike,casual,0.0,0.0,1,1,0
2023-10-05,21219,67.7,0.0,7.9,electric_bike,casual,0.0,0.0,1,1,0
2023-10-06,17603,53.3,0.0,9.8,electric_bike,casual,0.0,0.0,1,1,0
2023-10-07,20325,51.4,0.0,9.9,electric_bike,casual,0.0,1.0,1,0,0
2023-10-08,22064,50.4,0.0,9.9,electric_bike,casual,0.0,0.0,1,0,0
2023-10-09,17212,49.9,0.0,9.9,electric_bike,casual,0.0,0.0,1,1,1
2023-10-10,18988,51.8,0.0,9.9,electric_bike,member,0.0,0.0,1,1,0
2023-10-11,18382,53.9,0.0,9.8,electric_bike,member,0.0,0.0,1,1,0
2023-10-12,15427,57.2,0.0,8.9,electric_bike,casual,0.0,0.0,1,1,0
2023-10-13,10757,57.2,0.0,9.5,electric_bike,casual,0.0,0.0,1,1,0
2023-10-14,8873,54.3,0.0,6.5,electric_bike,member,0.0,0.0,1,0,0
2023-10-15,14654,51.9,0.0,9.8,electric_bike,casual,0.0,0.0,1,0,0
2023-10-16,14651,51.6,0.0,9.9,electric_bike,casual,0.0,0.0,1,1,0
2023-10-17,19286,51.2,0.0,9.9,electric_bike,member,0.0,0.0,1,1,0
2023-10-18,19150,56.1,0.0,9.9,electric_bike,member,0.0,0.0,1,1,0
2023-10-19,15530,56.4,0.0,9.2,electric_bike,member,0.0,0.0,1,1,0
2023-10-20,17907,54.3,0.0,9.7,electric_bike,member,0.0,0.0,1,1,0
2023-10-21,17241,53.2,0.0,9.8,electric_bike,casual,0.0,0.0,1,0,0
2023-10-22,15641,49.8,0.0,9.9,electric_bike,casual,0.0,0.0,1,0,0
2023-10-23,16631,54.7,0.0,9.9,electric_bike,casual,0.0,0.0,1,1,0
2023-10-24,22564,69.1,0.0,9.9,electric_bike,casual,0.0,0.0,1,1,0
2023-10-25,14863,64.1,0.0,8.3,electric_bike,member,0.0,0.0,1,1,0
2023-10-26,16798,66.9,0.0,9.3,electric_bike,casual,0.0,0.0,1,1,0
2023-10-27,16693,63.3,0.0,9.0,electric_bike,member,0.0,0.0,1,1,0
2023-10-28,13554,45.9,0.0,9.9,electric_bike,casual,0.0,0.0,1,0,0
2023-10-29,7590,45.1,0.0,9.5,electric_bike,member,0.0,0.0,1,0,0
2023-10-30,12052,37.6,0.0,9.9,electric_bike,member,0.0,0.0,1,1,0
2023-10-31,8657,32.9,0.3,7.900000000000001,electric_bike,member,0.0,0.0,1,1,0
2023-11-01,11021,35.7,0.2,9.9,electric_bike,member,0.0,0.0,1,1,0
2023-11-02,14538,44.8,0.0,9.9,electric_bike,member,0.0,0.0,1,1,0
2023-11-03,14681,50.8,0.0,9.9,electric_bike,member,0.0,0.0,1,1,0
2023-11-04,16177,49.9,0.0,9.7,electric_bike,member,0.0,0.0,1,0,0
2023-11-05,13589,49.6,0.0,8.0,electric_bike,member,0.0,0.0,1,0,0
2023-11-06,16356,60.6,0.0,9.9,electric_bike,casual,0.0,0.0,1,1,0
2023-11-07,15480,49.8,0.0,9.9,electric_bike,member,0.0,0.0,1,1,0
2023-11-08,13562,51.9,0.0,9.0,electric_bike,member,0.0,0.0,1,1,0
2023-11-09,18127,49.1,0.0,9.9,electric_bike,member,0.0,0.0,1,1,0
2023-11-10,13225,42.0,0.0,9.9,electric_bike,member,0.0,0.0,1,1,0
2023-11-11,13556,42.1,0.0,9.9,electric_bike,casual,0.0,0.0,1,0,1
2023-11-12,12174,49.1,0.0,9.9,electric_bike,casual,0.0,0.0,1,0,0
2023-11-13,15098,50.7,0.0,9.9,electric_bike,member,0.0,0.0,1,1,0
2023-11-14,16869,48.7,0.0,9.9,electric_bike,member,0.0,0.0,1,1,0
2023-11-15,17360,53.0,0.0,9.9,electric_bike,member,0.0,0.0,1,1,0
2023-11-16,18016,56.8,0.0,9.9,electric_bike,member,0.0,0.0,1,1,0
2023-11-17,13692,49.9,0.0,9.9,electric_bike,member,0.0,0.0,1,1,0
2023-11-18,12955,42.3,0.0,9.9,electric_bike,member,1.0,0.0,1,0,0
2023-11-19,9877,45.5,0.0,9.8,electric_bike,member,0.0,0.0,1,0,0
2023-11-20,9042,46.4,0.0,9.7,electric_bike,member,0.0,0.0,1,1,0
2023-11-21,8728,42.3,0.0,8.3,electric_bike,member,0.0,0.0,1,1,0
2023-11-22,8776,39.6,0.0,9.9,electric_bike,casual,0.0,0.0,1,1,0
2023-11-23,4317,39.4,0.0,9.9,electric_bike,member,0.0,0.0,1,1,1
2023-11-24,4336,31.6,0.0,9.900000000000002,electric_bike,member,0.0,0.0,1,1,0
2023-11-25,5492,32.5,0.0,9.9,electric_bike,member,0.0,0.0,1,0,0
2023-11-26,3107,32.1,1.5,6.0,electric_bike,member,0.0,0.0,1,0,0
2023-11-27,6888,24.5,0.1,9.8,electric_bike,member,0.0,0.0,1,1,0
2023-11-28,7603,19.5,0.0,9.9,electric_bike,member,0.0,0.0,1,1,0
2023-11-29,10217,31.6,0.0,9.9,electric_bike,member,0.0,0.0,1,1,0
2023-11-30,13144,43.9,0.0,9.9,electric_bike,member,0.0,0.0,1,1,0
2023-12-01,5341,43.6,0.0,4.8,electric_bike,member,0.0,0.0,1,1,0
2023-12-02,9186,42.0,0.0,9.6,electric_bike,member,0.0,0.0,1,0,0
2023-12-03,6019,39.6,0.0,8.0,electric_bike,member,0.0,0.0,1,0,0
2023-12-04,9652,38.0,0.0,9.9,electric_bike,member,0.0,0.0,1,1,0
2023-12-05,7754,37.0,0.9,7.099999999999999,electric_bike,member,0.0,0.0,1,1,0
2023-12-06,10345,36.4,0.0,9.9,electric_bike,member,1.0,0.0,1,1,0
2023-12-07,12572,44.6,0.0,9.9,electric_bike,member,0.0,0.0,1,1,0
2023-12-08,12949,51.0,0.0,9.9,electric_bike,member,0.0,0.0,1,1,0
2023-12-09,9753,47.7,0.0,9.1,electric_bike,member,0.0,0.0,1,0,0
2023-12-10,6263,34.2,0.0,9.9,electric_bike,member,0.0,0.0,1,0,0
2023-12-11,8344,32.4,0.0,9.9,electric_bike,member,0.0,0.0,1,1,0
2023-12-12,9298,34.1,0.0,9.900000000000002,electric_bike,member,0.0,0.0,1,1,0
2023-12-13,9633,32.6,0.0,9.9,electric_bike,member,0.0,0.0,1,1,0
2023-12-14,10975,40.3,0.0,9.9,electric_bike,member,0.0,0.0,1,1,0
2023-12-15,10996,44.5,0.0,9.9,electric_bike,casual,0.0,0.0,1,1,0
2023-12-16,3944,44.3,0.0,8.8,electric_bike,member,0.0,0.0,1,0,0
2023-12-17,6187,42.3,0.0,8.6,electric_bike,member,0.0,0.0,1,0,0
2023-12-18,6511,30.5,0.0,9.7,electric_bike,member,0.0,0.0,1,1,0
2023-12-19,7045,26.399999999999995,0.0,9.9,electric_bike,member,0.0,0.0,1,1,0
2023-12-20,8565,36.9,0.0,9.9,electric_bike,member,0.0,0.0,1,1,0
2023-12-21,8510,42.4,0.0,9.9,electric_bike,member,1.0,0.0,1,1,0
2023-12-22,4343,44.7,0.0,7.4,electric_bike,member,0.0,0.0,1,1,0
2023-12-23,4796,46.5,0.0,2.2,electric_bike,member,0.0,0.0,1,0,0
2023-12-24,4199,51.9,0.0,4.900000000000001,electric_bike,member,0.0,0.0,1,0,0
2023-12-25,1889,54.6,0.0,8.5,electric_bike,member,0.0,0.0,1,1,1
2023-12-26,4428,40.9,0.0,9.1,electric_bike,member,0.0,0.0,1,1,0
2023-12-27,5954,38.20000000000001,0.0,9.9,electric_bike,member,0.0,0.0,1,1,0
2023-12-28,3860,40.0,0.0,6.2,electric_bike,member,0.0,0.0,1,1,0
2023-12-29,4839,39.6,0.0,5.9,electric_bike,member,0.0,0.0,1,1,0
2023-12-30,5046,33.1,0.0,8.3,electric_bike,member,0.0,0.0,1,0,0
2023-12-31,2978,34.1,0.6,7.8,electric_bike,member,0.0,0.0,1,0,0
